rpm4117,"['The Legend of Zelda: Breath of the Wild', 'Red Dead Redemption 2', 'Half-Life', 'Half-Life 2', 'Portal 2', 'Quake', 'BioShock Infinite', 'Super Smash Bros. Ultimate', 'Unreal Tournament 2004', 'Sonic CD']"
JjonakSmurf,"['The Legend of Zelda: Breath of the Wild', 'Half-Life', 'Half-Life 2', 'Portal 2', 'Quake', 'BioShock Infinite', 'Super Smash Bros. Ultimate', 'Unreal Tournament 2004', 'Sonic CD', 'Shovel Knight']"
keeees,"['Red Dead Redemption 2', 'Command & Conquer', 'Homeworld', 'Sonic CD', 'Divinity: Original Sin II', 'Shovel Knight', 'Okami HD', 'Team Fortress 2', ""Alto's Adventure"", 'Mikey Shorts']"
Townboy,"['Super Smash Bros. Ultimate', 'Okami HD', 'Team Fortress 2', 'Overwatch', 'Battlefield 2', 'Shadow of the Colossus', 'Resident Evil 2', 'Sekiro: Shadows Die Twice', 'Astro Bot: Rescue Mission', 'Apex Legends']"
starzdj,"['Half-Life', 'Half-Life 2', 'Portal 2', 'Mass Effect 2', 'Quake', 'Diablo', 'BioShock Infinite', 'Unreal Tournament 2004', 'Crashlands', 'Unreal Tournament (1999)']"
waldosia,"['The Legend of Zelda: Breath of the Wild', 'Red Dead Redemption 2', 'Command & Conquer', 'Super Smash Bros. Ultimate', 'Homeworld', 'Sonic CD', 'Shovel Knight', ""Alto's Adventure"", 'Mikey Shorts', 'Celeste']"
Promise,"['Metal Gear Solid V: The Phantom Pain', 'Grand Theft Auto: Chinatown Wars', 'Grand Theft Auto IV', 'GTR 2', 'GRID Autosport', 'Snuggle Truck', 'Motorsport Manager Mobile 2', 'Motorsport Manager Mobile 3', 'Forza Motorsport 6', 'GRID']"
ricardoz,"['The Legend of Zelda: Breath of the Wild', 'Red Dead Redemption 2', 'Half-Life', 'Half-Life 2', 'Mass Effect 2', 'Quake', 'Diablo', 'BioShock Infinite', 'Super Smash Bros. Ultimate', 'Hearthstone: Heroes of Warcraft']"
