id,game,platform,time
rpm4117,"Overwatch","PC",409
rpm4117,"Devil May Cry 5","PC",44
rpm4117,"Counter-Strike: Global Offensive","PC",28
rpm4117,"The Evil Within","PC",42
rpm4117,"PlayerUnknown's Battlegrounds","PC",715
rpm4117,"Dead by Daylight","PC",6
rpm4117,"Ultimate Marvel vs. Capcom 3","PC",1
JjonakSmurf,"Overwatch","PC",215
JjonakSmurf,"Sekiro: Shadows Die Twice","PlayStation 4",33
JjonakSmurf,"Red Dead Redemption 2","PlayStation 4",75
JjonakSmurf,"Battle Brothers","PC",23
JjonakSmurf,"Divinity: Original Sin II","PC",28
keeees,"Super Smash Bros. Ultimate","Nintendo Switch",37
keeees,"The Legend of Zelda: Breath of the Wild","Nintendo Switch",84
keeees,"Rise of the Tomb Raider","PC",4
keeees,"Dota 2","PC",164
keeees,"Broforce","PC",18
Townboy,"NBA 2K17","PC",91
Townboy,"Cities: Skylines","PC",24
Townboy,"Counter-Strike: Global Offensive","PC",61
Townboy,"ARK: Survival Evolved","PC",22
Townboy,"PlayerUnknown's Battlegrounds","PC",97
starzdj,"League of Legends","PC",215
starzdj,"Monster Hunter: World","PlayStation 4", 178
starzdj,"Borderlands 2","PC",121
starzdj,"Persona 5","PlayStation 4",59
starzdj,"The Witcher 3: Wild Hunt","PlayStation 4",86
starzdj,"Hearthstone: Heroes of Warcraft","PC",63
waldosia,"Sid Meier's Civilization VI","PC",17
waldosia,"Starcraft II: Legacy of the Void","PC",341
waldosia,"This War of Mine","PC",11
waldosia,"Dota 2","PC",107
Promise,"Forza Horizon 4","Xbox One",58
Promise,"Need for Speed","PC",43
Promise,"Grand Theft Auto V","PC",74
Promise,"Need for Speed: Hot Pursuit","PC",51
Promise,"Need for Speed: Shift","iPhone",29
ricardoz,"Counter-Strike Nexon: Zombies","PC",12
ricardoz,"Stellaris","PC",38
ricardoz,"FIFA 17","PC",313
ricardoz,"Battlefield 1","PC",27
ricardoz,"Portal 2","PC",4
